img\face\iris\1.jpg;2
img\face\iris\10.jpg;2
img\face\iris\11.jpg;2
img\face\iris\12.jpg;2
img\face\iris\13.jpg;2
img\face\iris\14.jpg;2
img\face\iris\15.jpg;2
img\face\iris\16.jpg;2
img\face\iris\17.jpg;2
img\face\iris\18.jpg;2
img\face\iris\19.jpg;2
img\face\iris\2.jpg;2
img\face\iris\20.jpg;2
img\face\iris\21.jpg;2
img\face\iris\22.jpg;2
img\face\iris\23.jpg;2
img\face\iris\24.jpg;2
img\face\iris\25.jpg;2
img\face\iris\26.jpg;2
img\face\iris\27.jpg;2
img\face\iris\28.jpg;2
img\face\iris\29.jpg;2
img\face\iris\3.jpg;2
img\face\iris\30.jpg;2
img\face\iris\31.jpg;2
img\face\iris\32.jpg;2
img\face\iris\33.jpg;2
img\face\iris\34.jpg;2
img\face\iris\35.jpg;2
img\face\iris\36.jpg;2
img\face\iris\37.jpg;2
img\face\iris\38.jpg;2
img\face\iris\39.jpg;2
img\face\iris\4.jpg;2
img\face\iris\40.jpg;2
img\face\iris\41.jpg;2
img\face\iris\42.jpg;2
img\face\iris\43.jpg;2
img\face\iris\44.jpg;2
img\face\iris\45.jpg;2
img\face\iris\46.jpg;2
img\face\iris\47.jpg;2
img\face\iris\48.jpg;2
img\face\iris\49.jpg;2
img\face\iris\5.jpg;2
img\face\iris\50.jpg;2
img\face\iris\51.jpg;2
img\face\iris\52.jpg;2
img\face\iris\53.jpg;2
img\face\iris\54.jpg;2
img\face\iris\55.jpg;2
img\face\iris\56.jpg;2
img\face\iris\57.jpg;2
img\face\iris\58.jpg;2
img\face\iris\59.jpg;2
img\face\iris\6.jpg;2
img\face\iris\60.jpg;2
img\face\iris\61.jpg;2
img\face\iris\62.jpg;2
img\face\iris\63.jpg;2
img\face\iris\64.jpg;2
img\face\iris\7.jpg;2
img\face\iris\8.jpg;2
img\face\iris\9.jpg;2
img\face\rex\1.jpg;1
img\face\rex\10.jpg;1
img\face\rex\100.jpg;1
img\face\rex\102.jpg;1
img\face\rex\103.jpg;1
img\face\rex\104.jpg;1
img\face\rex\105.jpg;1
img\face\rex\106.jpg;1
img\face\rex\107.jpg;1
img\face\rex\108.jpg;1
img\face\rex\109.jpg;1
img\face\rex\11.jpg;1
img\face\rex\110.jpg;1
img\face\rex\111.jpg;1
img\face\rex\112.jpg;1
img\face\rex\113.jpg;1
img\face\rex\114.jpg;1
img\face\rex\115.jpg;1
img\face\rex\116.jpg;1
img\face\rex\117.jpg;1
img\face\rex\118.jpg;1
img\face\rex\119.jpg;1
img\face\rex\12.jpg;1
img\face\rex\128.jpg;1
img\face\rex\129.jpg;1
img\face\rex\13.jpg;1
img\face\rex\135.jpg;1
img\face\rex\136.jpg;1
img\face\rex\14.jpg;1
img\face\rex\15.jpg;1
img\face\rex\16.jpg;1
img\face\rex\17.jpg;1
img\face\rex\18.jpg;1
img\face\rex\19.jpg;1
img\face\rex\2.jpg;1
img\face\rex\20.jpg;1
img\face\rex\21.jpg;1
img\face\rex\22.jpg;1
img\face\rex\23.jpg;1
img\face\rex\24.jpg;1
img\face\rex\25.jpg;1
img\face\rex\26.jpg;1
img\face\rex\27.jpg;1
img\face\rex\28.jpg;1
img\face\rex\29.jpg;1
img\face\rex\3.jpg;1
img\face\rex\30.jpg;1
img\face\rex\31.jpg;1
img\face\rex\32.jpg;1
img\face\rex\33.jpg;1
img\face\rex\34.jpg;1
img\face\rex\35.jpg;1
img\face\rex\36.jpg;1
img\face\rex\37.jpg;1
img\face\rex\38.jpg;1
img\face\rex\39.jpg;1
img\face\rex\4.jpg;1
img\face\rex\40.jpg;1
img\face\rex\41.jpg;1
img\face\rex\42.jpg;1
img\face\rex\43.jpg;1
img\face\rex\44.jpg;1
img\face\rex\45.jpg;1
img\face\rex\46.jpg;1
img\face\rex\47.jpg;1
img\face\rex\48.jpg;1
img\face\rex\49.jpg;1
img\face\rex\5.jpg;1
img\face\rex\50.jpg;1
img\face\rex\51.jpg;1
img\face\rex\52.jpg;1
img\face\rex\53.jpg;1
img\face\rex\54.jpg;1
img\face\rex\55.jpg;1
img\face\rex\56.jpg;1
img\face\rex\57.jpg;1
img\face\rex\58.jpg;1
img\face\rex\59.jpg;1
img\face\rex\6.jpg;1
img\face\rex\60.jpg;1
img\face\rex\61.jpg;1
img\face\rex\62.jpg;1
img\face\rex\63.jpg;1
img\face\rex\64.jpg;1
img\face\rex\65.jpg;1
img\face\rex\66.jpg;1
img\face\rex\67.jpg;1
img\face\rex\68.jpg;1
img\face\rex\69.jpg;1
img\face\rex\7.jpg;1
img\face\rex\70.jpg;1
img\face\rex\71.jpg;1
img\face\rex\72.jpg;1
img\face\rex\73.jpg;1
img\face\rex\74.jpg;1
img\face\rex\75.jpg;1
img\face\rex\76.jpg;1
img\face\rex\77.jpg;1
img\face\rex\78.jpg;1
img\face\rex\79.jpg;1
img\face\rex\8.jpg;1
img\face\rex\80.jpg;1
img\face\rex\81.jpg;1
img\face\rex\82.jpg;1
img\face\rex\83.jpg;1
img\face\rex\84.jpg;1
img\face\rex\85.jpg;1
img\face\rex\86.jpg;1
img\face\rex\87.jpg;1
img\face\rex\88.jpg;1
img\face\rex\89.jpg;1
img\face\rex\9.jpg;1
img\face\rex\90.jpg;1
img\face\rex\91.jpg;1
img\face\rex\92.jpg;1
img\face\rex\93.jpg;1
img\face\rex\94.jpg;1
img\face\rex\95.jpg;1
img\face\rex\96.jpg;1
img\face\rex\97.jpg;1
img\face\rex\98.jpg;1
img\face\rex\99.jpg;1
